37,2016-01-01
38,2016-01-03
39,2016-01-06
40,2016-01-08
41,2016-01-10
42,2016-01-13
43,2016-01-15
44,2016-01-17
45,2016-01-20
46,2016-01-22
47,2016-01-23
48,2016-01-26
49,2016-02-02
50,2016-02-04
51,2016-02-05
52,2016-02-08
53,2016-02-09
54,2016-02-11
55,2016-02-13
56,2016-02-15
57,2016-02-16
58,2016-02-18
59,2016-02-21
60,2016-02-24
61,2016-02-26
62,2016-02-28
63,2016-03-02
64,2016-03-03
65,2016-03-05
66,2016-03-07
67,2016-03-09
68,2016-03-11
69,2016-03-14
70,2016-03-16
71,2016-03-18
72,2016-03-20
73,2016-03-22
74,2016-03-24
75,2016-03-26
76,2016-03-28
77,2016-03-30
78,2016-04-01
79,2016-04-03
80,2016-04-05
81,2016-04-07
82,2016-04-09
117,2016-01-02
118,2016-01-04
119,2016-01-07
120,2016-01-09
121,2016-01-12
122,2016-01-14
123,2016-01-16
124,2016-01-18
125,2016-01-21
126,2016-01-23
127,2016-01-25
128,2016-01-26
129,2016-02-02
130,2016-02-04
131,2016-02-10
132,2016-02-12
133,2016-02-13
134,2016-02-15
135,2016-02-18
136,2016-02-20
137,2016-02-22
138,2016-02-23
139,2016-02-25
140,2016-02-27
141,2016-02-29
142,2016-03-05
143,2016-03-07
144,2016-03-09
145,2016-03-11
146,2016-03-12
147,2016-03-17
148,2016-03-19
149,2016-03-20
150,2016-03-22
151,2016-03-24
152,2016-03-26
153,2016-03-28
154,2016-03-31
155,2016-04-02
156,2016-04-04
157,2016-04-05
158,2016-04-07
159,2016-04-09
194,2016-01-01
195,2016-01-05
196,2016-01-08
197,2016-01-09
198,2016-01-11
199,2016-01-13
200,2016-01-15
201,2016-01-16
202,2016-01-19
203,2016-01-21
204,2016-01-23
205,2016-01-25
206,2016-02-02
207,2016-02-04
208,2016-02-06
209,2016-02-09
210,2016-02-11
211,2016-02-13
212,2016-02-14
213,2016-02-16
214,2016-02-18
215,2016-02-20
216,2016-02-22
217,2016-02-24
218,2016-02-26
219,2016-02-28
220,2016-03-01
221,2016-03-03
222,2016-03-05
223,2016-03-07
224,2016-03-08
225,2016-03-10
226,2016-03-12
227,2016-03-15
228,2016-03-19
229,2016-03-23
230,2016-03-24
231,2016-03-26
232,2016-03-29
233,2016-04-01
234,2016-04-03
235,2016-04-05
236,2016-04-07
237,2016-04-09
273,2016-01-02
274,2016-01-05
275,2016-01-08
276,2016-01-10
277,2016-01-12
278,2016-01-16
279,2016-01-20
280,2016-01-22
281,2016-01-25
282,2016-01-26
283,2016-02-03
284,2016-02-09
285,2016-02-11
286,2016-02-12
287,2016-02-14
288,2016-02-16
289,2016-02-19
290,2016-02-21
291,2016-02-26
292,2016-02-27
293,2016-03-01
294,2016-03-03
295,2016-03-05
296,2016-03-07
297,2016-03-08
298,2016-03-10
299,2016-03-12
300,2016-03-16
301,2016-03-18
302,2016-03-19
303,2016-03-22
304,2016-03-26
305,2016-03-28
306,2016-03-29
307,2016-03-31
308,2016-04-02
309,2016-04-05
310,2016-04-08
311,2016-04-09
345,2016-01-02
346,2016-01-04
347,2016-01-06
348,2016-01-08
349,2016-01-09
350,2016-01-12
351,2016-01-14
352,2016-01-15
353,2016-01-17
354,2016-01-21
355,2016-01-22
356,2016-01-24
357,2016-01-26
358,2016-02-03
359,2016-02-05
360,2016-02-07
361,2016-02-12
362,2016-02-13
363,2016-02-16
364,2016-02-18
365,2016-02-19
366,2016-02-21
367,2016-02-23
368,2016-02-25
369,2016-02-28
370,2016-03-01
371,2016-03-05
372,2016-03-08
373,2016-03-15
374,2016-03-17
375,2016-03-19
376,2016-03-24
377,2016-03-26
378,2016-03-27
379,2016-03-29
380,2016-03-31
381,2016-04-02
382,2016-04-07
383,2016-04-09
419,2016-01-02
420,2016-01-05
421,2016-01-12
422,2016-01-13
423,2016-01-16
424,2016-01-19
425,2016-01-21
426,2016-01-25
427,2016-01-26
428,2016-02-02
429,2016-02-04
430,2016-02-05
431,2016-02-09
432,2016-02-13
433,2016-02-23
434,2016-02-25
435,2016-02-27
436,2016-02-29
437,2016-03-04
438,2016-03-05
439,2016-03-08
440,2016-03-11
441,2016-03-13
442,2016-03-17
443,2016-03-19
444,2016-03-20
445,2016-03-22
446,2016-03-26
447,2016-03-28
448,2016-03-31
449,2016-04-04
450,2016-04-06
451,2016-04-09
484,2016-01-02
485,2016-01-05
486,2016-01-11
487,2016-01-13
488,2016-01-16
489,2016-01-19
490,2016-01-25
491,2016-01-27
492,2016-02-06
493,2016-02-09
494,2016-02-11
495,2016-02-17
496,2016-02-19
497,2016-02-23
498,2016-02-25
499,2016-02-27
500,2016-02-29
501,2016-03-05
502,2016-03-07
503,2016-03-09
504,2016-03-14
505,2016-03-16
506,2016-03-18
507,2016-03-20
508,2016-03-21
509,2016-03-24
510,2016-03-26
511,2016-03-31
512,2016-04-02
513,2016-04-05
514,2016-04-07
515,2016-04-09
547,2016-01-03
548,2016-01-05
549,2016-01-06
550,2016-01-10
551,2016-01-12
552,2016-01-14
553,2016-01-15
554,2016-01-17
555,2016-01-19
556,2016-01-21
557,2016-01-22
558,2016-01-24
559,2016-02-02
560,2016-02-06
561,2016-02-09
562,2016-02-11
563,2016-02-15
564,2016-02-17
565,2016-02-21
566,2016-02-25
567,2016-02-28
568,2016-03-02
569,2016-03-06
570,2016-03-09
571,2016-03-11
572,2016-03-14
573,2016-03-16
574,2016-03-18
575,2016-03-20
576,2016-03-22
577,2016-03-27
578,2016-03-29
579,2016-04-01
580,2016-04-07
608,2016-01-04
609,2016-01-06
610,2016-01-08
611,2016-01-12
612,2016-01-14
613,2016-01-18
614,2016-01-22
615,2016-01-23
616,2016-01-26
617,2016-01-27
618,2016-02-04
619,2016-02-06
620,2016-02-09
621,2016-02-11
622,2016-02-12
623,2016-02-17
624,2016-02-20
625,2016-02-21
626,2016-02-24
627,2016-02-27
628,2016-03-01
629,2016-03-03
630,2016-03-05
631,2016-03-12
632,2016-03-16
633,2016-03-20
634,2016-03-24
635,2016-03-26
636,2016-03-28
637,2016-03-29
638,2016-04-01
639,2016-04-03
640,2016-04-05
641,2016-04-07
669,2016-01-02
670,2016-01-03
671,2016-01-05
672,2016-01-07
673,2016-01-09
674,2016-01-16
675,2016-01-19
676,2016-01-21
677,2016-02-02
678,2016-02-09
679,2016-02-13
680,2016-02-15
681,2016-02-16
682,2016-02-23
683,2016-02-25
684,2016-02-27
685,2016-02-29
686,2016-03-01
687,2016-03-04
688,2016-03-06
689,2016-03-08
690,2016-03-12
691,2016-03-15
692,2016-03-17
693,2016-03-19
694,2016-03-26
695,2016-03-29
696,2016-04-02
697,2016-04-09
725,2016-01-04
726,2016-01-07
727,2016-01-11
728,2016-01-17
729,2016-01-20
730,2016-01-25
731,2016-02-03
732,2016-02-04
733,2016-02-06
734,2016-02-08
735,2016-02-10
736,2016-02-15
737,2016-02-18
738,2016-02-20
739,2016-02-21
740,2016-03-10
741,2016-03-12
742,2016-03-13
743,2016-03-15
744,2016-03-19
745,2016-03-22
746,2016-03-24
747,2016-03-26
748,2016-03-29
749,2016-04-01
750,2016-04-02
751,2016-04-06
752,2016-04-09
774,2016-01-08
775,2016-01-10
776,2016-01-14
777,2016-01-18
778,2016-01-19
779,2016-01-23
780,2016-02-04
781,2016-02-06
782,2016-02-07
783,2016-02-09
784,2016-02-11
785,2016-02-13
786,2016-02-18
787,2016-02-23
788,2016-02-25
789,2016-02-28
790,2016-03-03
791,2016-03-06
792,2016-03-08
793,2016-03-10
794,2016-03-14
795,2016-03-16
796,2016-03-18
797,2016-03-24
798,2016-03-26
799,2016-04-06
800,2016-04-09
822,2016-01-02
823,2016-01-03
824,2016-01-07
825,2016-01-11
826,2016-01-17
827,2016-01-23
828,2016-01-26
829,2016-02-02
830,2016-02-06
831,2016-02-12
832,2016-02-13
833,2016-02-15
834,2016-02-18
835,2016-02-20
836,2016-02-28
837,2016-03-01
838,2016-03-10
839,2016-03-12
840,2016-03-14
841,2016-03-15
842,2016-03-17
843,2016-03-21
844,2016-03-26
845,2016-03-29
846,2016-03-31
847,2016-04-02
848,2016-04-04
849,2016-04-05
850,2016-04-07
870,2016-01-02
871,2016-01-07
872,2016-01-09
873,2016-01-16
874,2016-01-21
875,2016-01-24
876,2016-02-11
877,2016-02-12
878,2016-02-14
879,2016-02-16
880,2016-02-18
881,2016-02-20
882,2016-03-03
883,2016-03-07
884,2016-03-09
885,2016-03-12
886,2016-03-17
887,2016-03-21
888,2016-03-22
889,2016-03-24
890,2016-03-28
891,2016-04-04
892,2016-04-09
911,2016-01-02
912,2016-01-07
913,2016-01-10
914,2016-01-15
915,2016-01-16
916,2016-01-23
917,2016-02-02
918,2016-02-04
919,2016-02-06
920,2016-02-11
921,2016-02-15
922,2016-02-23
923,2016-02-25
924,2016-02-26
925,2016-03-03
926,2016-03-06
927,2016-03-12
928,2016-03-15
929,2016-03-17
930,2016-03-31
931,2016-04-03
932,2016-04-05
956,2016-01-05
957,2016-01-06
958,2016-01-09
959,2016-01-16
960,2016-01-23
961,2016-02-02
962,2016-02-09
963,2016-02-19
964,2016-02-22
965,2016-02-24
966,2016-02-27
967,2016-02-29
968,2016-03-05
969,2016-03-19
970,2016-03-26
971,2016-03-31
972,2016-04-09
990,2016-01-12
991,2016-01-21
992,2016-01-23
993,2016-01-26
994,2016-02-02
995,2016-02-04
996,2016-02-06
997,2016-02-08
998,2016-02-13
999,2016-02-16
1000,2016-02-19
1001,2016-02-20
1002,2016-02-23
1003,2016-02-26
1004,2016-03-03
1005,2016-03-06
1006,2016-03-10
1007,2016-03-24
1008,2016-03-25
1009,2016-04-02
1010,2016-04-07
1011,2016-04-09
1026,2016-01-05
1027,2016-01-14
1028,2016-01-21
1029,2016-01-26
1030,2016-02-02
1031,2016-02-04
1032,2016-02-06
1033,2016-02-09
1034,2016-02-12
1035,2016-02-23
1036,2016-02-27
1037,2016-03-08
1038,2016-03-12
1039,2016-03-17
1040,2016-03-18
1041,2016-03-24
1042,2016-03-31
1043,2016-04-02
1056,2016-01-02
1057,2016-01-07
1058,2016-01-09
1059,2016-01-14
1060,2016-01-17
1061,2016-01-22
1062,2016-01-23
1063,2016-02-04
1064,2016-02-18
1065,2016-03-01
1066,2016-03-03
1067,2016-03-06
1068,2016-03-08
1069,2016-03-09
1070,2016-03-15
1071,2016-03-21
1072,2016-03-23
1073,2016-03-25
1074,2016-04-02
1075,2016-04-04
1076,2016-04-05
1077,2016-04-07
1093,2016-01-09
1094,2016-01-16
1095,2016-01-17
1096,2016-01-19
1097,2016-01-24
1098,2016-02-06
1099,2016-02-10
1100,2016-02-14
1101,2016-02-18
1102,2016-02-25
1103,2016-03-03
1104,2016-03-04
1105,2016-03-13
1106,2016-03-19
1107,2016-03-27
1108,2016-04-05
1119,2016-01-04
1120,2016-01-10
1121,2016-01-18
1122,2016-02-02
1123,2016-02-06
1124,2016-02-08
1125,2016-02-25
1126,2016-03-01
1127,2016-03-03
1128,2016-03-05
1129,2016-03-12
1130,2016-03-22
1131,2016-03-30
1132,2016-04-02
1133,2016-04-05
1143,2016-01-19
1144,2016-01-21
1145,2016-01-27
1146,2016-02-07
1147,2016-02-20
1148,2016-03-07
1149,2016-03-11
1150,2016-03-19
1151,2016-03-28
1152,2016-03-30
1153,2016-04-03
1154,2016-04-07
1155,2016-04-09
1166,2016-01-15
1167,2016-01-18
1168,2016-01-23
1169,2016-01-24
1170,2016-02-05
1171,2016-02-20
1172,2016-02-27
1173,2016-03-20
1174,2016-04-07
1178,2016-01-02
1179,2016-01-09
1180,2016-01-12
1181,2016-02-04
1182,2016-02-16
1183,2016-02-22
1184,2016-02-28
1185,2016-03-03
1186,2016-03-05
1187,2016-03-12
1188,2016-03-22
1189,2016-03-29
1190,2016-03-31
1191,2016-04-07
1198,2016-01-02
1199,2016-02-09
1200,2016-02-14
1201,2016-03-19
1202,2016-03-25
1203,2016-03-26
1204,2016-04-09
1211,2016-01-09
1212,2016-01-27
1213,2016-02-18
1214,2016-02-29
1215,2016-03-15
1216,2016-03-28
1222,2016-02-13
1223,2016-03-02
1226,2016-01-14
1227,2016-03-14
1228,2016-03-22